<?xml version="1.0" encoding="UTF-8"?>
<!DOCTYPE suite SYSTEM "https://testng.org/testng-1.0.dtd">
<suite name="Suite">
<parameter name="url" value="http://leaftaps.com/opentaps/"></parameter>
<parameter name="username" value="DemoSalesManager"></parameter>
<parameter name="password" value="crmsfa"></parameter>
  <test thread-count="1" name="Test">
    <classes>
    
      <class name="testcase.CreateLead"/>
      <class name="testcase.EditLead"/>
      <!-- class name="testcase.DeleteLead" -->
     
    </classes>
  </test> <!-- Test -->
</suite> <!-- Suite -->
